List Name,Title,Author,Publisher,Description,Rank,Weeks on List,ISBN-10,ISBN-13
Combined Print & E-Book Fiction,THE BLACK WOLF,Louise Penny,Minotaur,"The 20th book in the Chief Inspector Gamache series. After thwarting a terrorist attack, an injured Gamache leads a covert investigation.",1,1,,9781250328182
Combined Print & E-Book Fiction,THE WIDOW,John Grisham,Doubleday,"When Simon Latch, a lawyer in rural Virginia, is accused of murder, he goes in search of the real killer.",2,2,,9780385548984
Combined Print & E-Book Fiction,BONDS OF HERCULES,Jasmine Mas,Canary Street,The second book in the Villains of Lore series. Seduction and danger put Hercules in a tough spot.,3,1,,9781335146984
Combined Print & E-Book Fiction,THE SECRET OF SECRETS,Dan Brown,Doubleday,"As he searches for the missing noetic scientist he has been seeing, Robert Langdon discovers something regarding a secret project.",4,8,,9780385546898
Combined Print & E-Book Fiction,THE PROVING GROUND,Michael Connelly,"Little, Brown",The eighth book in the Lincoln Lawyer series. Mickey Haller enlists a journalist to help his lawsuit against an A.I. company.,5,2,,9780316563826
Combined Print & E-Book Fiction,THE DEFENDER,Ana Huang,Bloom,"The second book in the Gods of the Game series. A professional athlete and the coach’s daughter, who is a sports nutritionist, share a flat.",6,1,,9781464223334
Combined Print & E-Book Fiction,THE TIN MEN,Nelson DeMille and Alex DeMille,Simon & Schuster,The third book in the Scott Brodie & Maggie Taylor series. An investigation into the death of a military scientist surfaces troubling technology.,7,1,,9781501101892
Combined Print & E-Book Fiction,GONE BEFORE GOODBYE,Reese Witherspoon and Harlan Coben,Grand Central,"When a mysterious man disappears, the former combat surgeon giving him medical assistance goes on the lam.",8,3,,9781538774700
Combined Print & E-Book Fiction,ALCHEMISED,SenLinYu,Del Rey,"After the war, an imprisoned alchemist is sent to a necromancer to recover her lost memories.",9,6,,9780593972700
Combined Print & E-Book Fiction,REMAIN,Nicholas Sparks with M. Night Shyamalan,Random House,"A New York architect moves to Cape Cod, where he enters a relationship that brings up a lot of questions.",10,3,,9798217154043
Combined Print & E-Book Fiction,MATE,Ali Hazelwood,Berkley,"To help stave off her enemies, Serena Paris, a Human-Were hybrid, forms a partnership with Koen Alexander.",11,4,,9780593952580
Combined Print & E-Book Fiction,TWICE,Mitch Albom,Harper,"Alfie Logan, who was gifted with the ability to live any moment a second time but must accept the outcomes, makes a risky love decision.",12,4,,9780062406682
Combined Print & E-Book Fiction,THE HOUSEMAID,Freida McFadden,Grand Central,Troubles surface when a woman looking to make a fresh start takes a job in the home of the Winchesters.,13,103,,9781538742570
Combined Print & E-Book Fiction,THE INTRUDER,Freida McFadden,Poisoned Pen,"During a rough storm, Casey puts herself in danger when she lets a girl, who is covered in blood, into her cabin.",14,4,,9781464260919
Combined Print & E-Book Fiction,WRECK,Catherine Newman,Harper,Shifts in circumstances affect Rocky and her family.,15,1,,9780063453913
Combined Print & E-Book Nonfiction,NOBODY'S GIRL,Virginia Roberts Giuffre,Knopf,The late activist and advocate for sex-trafficking survivors describes her time with Jeffrey Epstein and Ghislaine Maxwell.,1,2,,9780593493120
Combined Print & E-Book Nonfiction,HOW TO TEST NEGATIVE FOR STUPID,John Kennedy,Broadside,"The Republican senator from Louisiana shares stories about politics in Washington, D.C., and in his home state.",2,4,,9780063428164
Combined Print & E-Book Nonfiction,1929,Andrew Ross Sorkin,Viking,The New York Times journalist and CNBC host looks at the fight between Washington and Wall Street that fueled a historic crash of the stock market.,3,3,,9780593296967
Combined Print & E-Book Nonfiction,OUTLIVE,Peter Attia with Bill Gifford,Harmony,A look at recent scientific research on aging and longevity.,4,101,,9780593236598
Combined Print & E-Book Nonfiction,THE UNCOOL,Cameron Crowe,Avid Reader,The journalist and Academy Award-winning filmmaker shares real-life events that inspired “Almost Famous.”,5,1,,9781668059432
Combined Print & E-Book Nonfiction,"THAT'S A GREAT QUESTION, I'D LOVE TO TELL YOU",Elyse Myers,Morrow,A collection of stories and illustrations by the comedian and content creator.,6,1,,9780063381308
Combined Print & E-Book Nonfiction,TO RESCUE THE AMERICAN SPIRIT,Bret Baier with Catherine Whitney,Mariner,The Fox News Channel’s chief political anchor chronicles the life and times of Theodore Roosevelt.,7,2,,9780063360754
Combined Print & E-Book Nonfiction,RETRIBUTION,Jonathan Karl,Dutton,The chief Washington correspondent for ABC News and author of “Tired of Winning” chronicles President Trump’s return to the White House.,8,1,,9798217047000
Combined Print & E-Book Nonfiction,107 DAYS,Kamala Harris,Simon & Schuster,The former vice president recounts her abbreviated campaign to become president in 2024.,9,6,,9781668211656
Combined Print & E-Book Nonfiction,UNDER SIEGE,Eric Trump,Threshold Editions,The executive vice president of the Trump Organization shares his belief that attacks on his family are attacks on America.,10,3,,9781668205877
Combined Print & E-Book Nonfiction,POEMS & PRAYERS,Matthew McConaughey,Crown,The actor and author of “Greenlights” explores elements of belief and reason that make up our lives.,11,7,,9781984862105
Combined Print & E-Book Nonfiction,RIGHT WING REVOLUTION,Charlie Kirk,Winning Team,The late founder of Turning Point USA prescribes ways to defeat woke ideology.,12,1,,9781735503790
Combined Print & E-Book Nonfiction,EXPENSIVE BASKETBALL,Shea Serrano,Grand Central,The author of “Hip-Hop (and Other Things)” celebrates moments in basketball that are hard to quantify; illustrated by Ian Klarer.,13,1,,9781538755228
Combined Print & E-Book Nonfiction,THE BODY KEEPS THE SCORE,Bessel van der Kolk,Penguin,"How trauma affects the body and mind, and innovative treatments for recovery.",14,267,,9780143127741
Combined Print & E-Book Nonfiction,CONFRONTING EVIL,Bill O'Reilly and Josh Hammer,St. Martin's,O'Reilly and Hammer profile some of history’s nefarious characters.,15,8,,9781250374042
Hardcover Fiction,THE BLACK WOLF,Louise Penny,Minotaur,"The 20th book in the Chief Inspector Gamache series. After thwarting a terrorist attack, an injured Gamache leads a covert investigation.",1,1,,9781250328175
Hardcover Fiction,THE WIDOW,John Grisham,Doubleday,"When Simon Latch, a lawyer in rural Virginia, is accused of murder, he goes in search of the real killer.",2,2,,9780385548984
Hardcover Fiction,BONDS OF HERCULES,Jasmine Mas,Canary Street,The second book in the Villains of Lore series. Seduction and danger put Hercules in a tough spot.,3,1,,9781335146984
Hardcover Fiction,THE SECRET OF SECRETS,Dan Brown,Doubleday,"As he searches for the missing noetic scientist he has been seeing, Robert Langdon discovers something regarding a secret project.",4,8,,9780385546898
Hardcover Fiction,ALCHEMISED,SenLinYu,Del Rey,"After the war, an imprisoned alchemist is sent to a necromancer to recover her lost memories.",5,6,,9780593972700
Hardcover Fiction,GONE BEFORE GOODBYE,Reese Witherspoon and Harlan Coben,Grand Central,"When a mysterious man disappears, the former combat surgeon giving him medical assistance goes on the lam.",6,3,,9781538774700
Hardcover Fiction,REMAIN,Nicholas Sparks with M. Night Shyamalan,Random House,"A New York architect moves to Cape Cod, where he enters a relationship that brings up a lot of questions.",7,3,,9798217154043
Hardcover Fiction,THE PROVING GROUND,Michael Connelly,"Little, Brown",The eighth book in the Lincoln Lawyer series. Mickey Haller enlists a journalist to help his lawsuit against an A.I. company.,8,2,,9780316563826
Hardcover Fiction,TWICE,Mitch Albom,Harper,"Alfie Logan, who was gifted with the ability to live any moment a second time but must accept the outcomes, makes a risky love decision.",9,4,,9780062406682
Hardcover Fiction,THE INTRUDER,Freida McFadden,Poisoned Pen,"During a rough storm, Casey puts herself in danger when she lets a girl, who is covered in blood, into her cabin.",10,4,,9781464260919
Hardcover Fiction,THE THINGS GODS BREAK,Abigail Owen,Red Tower,The second book in the Crucible series. Escaping Tartarus demands overcoming trials and breaking rules.,11,2,,9781649378538
Hardcover Fiction,THE EVERLASTING,Alix E. Harrow,Tor,A scholar goes back in time to help rewrite Una Everlasting's legend.,12,1,,9781250799081
Hardcover Fiction,THE TIN MEN,Nelson DeMille and Alex DeMille,Simon & Schuster,The third book in the Scott Brodie & Maggie Taylor series. An investigation into the death of a military scientist surfaces troubling technology.,13,1,,9781501101878
Hardcover Fiction,WRECK,Catherine Newman,Harper,Shifts in circumstances affect Rocky and her family.,14,1,,9780063453913
Hardcover Fiction,TOM'S CROSSING,Mark Z. Danielewski,Pantheon,"In Utah in 1982, two teenagers try to prevent two horses from being slaughtered.",15,1,,9781524747718
Hardcover Nonfiction,NOBODY'S GIRL,Virginia Roberts Giuffre,Knopf,The late activist and advocate for sex-trafficking survivors describes her time with Jeffrey Epstein and Ghislaine Maxwell.,1,2,,9780593493120
Hardcover Nonfiction,HOW TO TEST NEGATIVE FOR STUPID,John Kennedy,Broadside,"The Republican senator from Louisiana shares stories about politics in Washington, D.C., and in his home state.",2,4,,9780063428164
Hardcover Nonfiction,1929,Andrew Ross Sorkin,Viking,The New York Times journalist and CNBC host looks at the fight between Washington and Wall Street that fueled a historic crash of the stock market.,3,3,,9780593296967
Hardcover Nonfiction,"THAT'S A GREAT QUESTION, I'D LOVE TO TELL YOU",Elyse Myers,Morrow,A collection of stories and illustrations by the comedian and content creator.,4,1,,9780063381308
Hardcover Nonfiction,OUTLIVE,Peter Attia with Bill Gifford,Harmony,A look at recent scientific research on aging and longevity.,5,117,,9780593236598
Hardcover Nonfiction,TO RESCUE THE AMERICAN SPIRIT,Bret Baier with Catherine Whitney,Mariner,The Fox News Channel’s chief political anchor chronicles the life and times of Theodore Roosevelt.,6,2,,9780063360754
Hardcover Nonfiction,THE UNCOOL,Cameron Crowe,Avid Reader,The journalist and Academy Award-winning filmmaker shares real-life events that inspired “Almost Famous.”,7,1,,9781668059432
Hardcover Nonfiction,107 DAYS,Kamala Harris,Simon & Schuster,The former vice president recounts her abbreviated campaign to become president in 2024.,8,6,,9781668211656
Hardcover Nonfiction,RETRIBUTION,Jonathan Karl,Dutton,The chief Washington correspondent for ABC News and author of “Tired of Winning” chronicles President Trump’s return to the White House.,9,1,,9798217047000
Hardcover Nonfiction,UNDER SIEGE,Eric Trump,Threshold Editions,The executive vice president of the Trump Organization shares his belief that attacks on his family are attacks on America.,10,3,,9781668205877
Hardcover Nonfiction,POEMS & PRAYERS,Matthew McConaughey,Crown,The actor and author of “Greenlights” explores elements of belief and reason that make up our lives.,11,7,,9781984862105
Hardcover Nonfiction,RIGHT WING REVOLUTION,Charlie Kirk,Winning Team,The late founder of Turning Point USA prescribes ways to defeat woke ideology.,12,1,,9781735503790
Hardcover Nonfiction,EXPENSIVE BASKETBALL,Shea Serrano,Grand Central,The author of “Hip-Hop (and Other Things)” celebrates moments in basketball that are hard to quantify; illustrated by Ian Klarer.,13,1,,9781538755228
Hardcover Nonfiction,CONFRONTING EVIL,Bill O'Reilly and Josh Hammer,St. Martin's,O'Reilly and Hammer profile some of history’s nefarious characters.,14,8,,9781250374042
Hardcover Nonfiction,FINDING MY WAY,Malala Yousafzai,Atria,The Nobel laureate describes private difficulties she encountered after the Taliban’s attack on her life thrust her into public life.,15,2,,9781668054277
Paperback Trade Fiction,THE DEFENDER,Ana Huang,Bloom,"The second book in the Gods of the Game series. A professional athlete and the coach’s daughter, who is a sports nutritionist, share a flat.",1,1,,9781464223334
Paperback Trade Fiction,THE HOUSEMAID,Freida McFadden,Grand Central,Troubles surface when a woman looking to make a fresh start takes a job in the home of the Winchesters.,2,132,,9781538742570
Paperback Trade Fiction,MATE,Ali Hazelwood,Berkley,"To help stave off her enemies, Serena Paris, a Human-Were hybrid, forms a partnership with Koen Alexander.",3,4,,9780593952580
Paperback Trade Fiction,"MERRY CHRISTMAS, YOU FILTHY ANIMAL",Meghan Quinn,Bloom,The second book in the How My Neighbor Stole Christmas series. Things get messy between a man and a woman running rival Christmas tree farms.,4,3,,9781464246920
Paperback Trade Fiction,THE GOD OF THE WOODS,Liz Moore,Riverhead,"When a 13-year-old girl disappears from an Adirondack summer camp in 1975, secrets kept by the Van Laar family emerge.",5,1,,9780593418925
Paperback Trade Fiction,BREATHE WITH ME,Becka Mack,Slowburn,The fifth book in the Playing for Keeps series. A self-made woman and a hockey player have trouble conceiving a baby.,6,1,,9781638932451
Paperback Trade Fiction,GOOD SPIRITS,B.K. Borison,Avon,The ghost of Christmas Past Nolan Callahan gets assigned to haunt Harriet York and they uncover why they were brought together.,7,2,,9780063430402
Paperback Trade Fiction,THE WRATH OF THE FALLEN,Amber V. Nicole,Kensington,The fourth book in the Gods & Monsters series. Allegiances are chosen as war becomes imminent.,8,1,,9781496758125
Paperback Trade Fiction,PROJECT HAIL MARY,Andy Weir,Ballantine,"Ryland Grace awakes from a long sleep alone and far from home, and the fate of humanity rests on his shoulders.",9,19,,9780593135228
Paperback Trade Fiction,THE SURROGATE MOTHER,Freida McFadden,Poisoned Pen,"Abby’s personal assistant, who offers to be her surrogate, also carries an unspeakable secret.",10,11,,9781464227301
Paperback Trade Fiction,MILE HIGH,Liz Tomforde,Amara,A bad-boy hockey player and a flight attendant have a turbulent relationship.,11,1,,9781649379696
Paperback Trade Fiction,LIGHTS OUT,Navessa Allen,Slowburn,"As Aly and Josh live out their dark fantasies, someone with sinister intentions impinges on them.",12,48,,9781638932239
Paperback Trade Fiction,THE MAD WIFE,Meagan Church,Sourcebooks Landmark,"After the birth of her second child and the arrival of a new neighbor, a 1950s housewife becomes suspicious.",13,5,,9781464236747
Paperback Trade Fiction,THE GINGERBREAD BAKERY,Laurie Gilmore,HarperCollins,"The fifth book in the Dream Harbor series. As a wedding approaches, a bakery owner and a bar owner get closer.",14,7,,9780008728090
Paperback Trade Fiction,THE TENANT,Freida McFadden,Poisoned Pen,Things take an unsettling turn when a marketing executive loses his job and a woman rents a room in his brownstone.,15,26,,9781464227318
Paperback Nonfiction,THE BODY KEEPS THE SCORE,Bessel van der Kolk,Penguin,"How trauma affects the body and mind, and innovative treatments for recovery.",1,367,,9780143127741
Paperback Nonfiction,ON TYRANNY,Timothy Snyder,Crown,Twenty lessons from the 20th century about the course of tyranny.,2,146,,9780804190114
Paperback Nonfiction,I WANT TO DIE BUT I WANT TO EAT TTEOKBOKKI,Baek Sehee,Bloomsbury,"The late writer, who worked as a social media director for a publishing company, shares reflections based on sessions she had with her psychiatrist; translated by Anton Hur.",3,3,,9781639732043
Paperback Nonfiction,THE GIRL BANDITS OF THE WARSAW GHETTO,Elizabeth R. Hyman,Harper Perennial,"Profiles of five young, Polish Jewish women who helped lead the resistance during World War II.",4,3,,9780063355019
Paperback Nonfiction,REVENGE OF THE TIPPING POINT,Malcolm Gladwell,Back Bay,"Through a series of stories, Gladwell explicates the causes of various kinds of epidemics.",5,5,,9780316581509
Paperback Nonfiction,"THINKING, FAST AND SLOW",Daniel Kahneman,"Farrar, Straus and Giroux",When we can and cannot trust our intuitions in making business and personal decisions.,6,439,,9780374533557
Paperback Nonfiction,FIGHT OLIGARCHY,Bernie Sanders,Crown,The independent senator from Vermont makes his case that America is currently an oligarchic society and moving toward authoritarianism.,7,2,,9798217089161
Paperback Nonfiction,THE MAGA DOCTRINE,Charlie Kirk,Broadside,The late founder of Turning Point U.S.A. espouses some ideas promulgated by President Trump.,8,2,,9780063512863
Paperback Nonfiction,FRAMED,John Grisham and Jim McCloskey,Vintage,Our criminal justice system viewed through the struggles of 10 wrongfully convicted people to achieve exoneration.,9,10,,9780593687239
Paperback Nonfiction,BOOK AND DAGGER,Elyse Graham,Ecco,Stories of scholars and librarians who worked as spies for the newly formed Office of Strategic Services during World War II.,10,1,,9780063280854
Paperback Nonfiction,BRAIDING SWEETGRASS,Robin Wall Kimmerer,Milkweed Editions,A botanist and member of the Citizen Potawatomi Nation espouses having an understanding and appreciation of plants and animals.,11,289,,9781571313560
Paperback Nonfiction,GREENLIGHTS,Matthew McConaughey,Crown,The Academy Award-winning actor shares snippets from the diaries he kept over 35 years.,12,48,,9780593139158
Paperback Nonfiction,THE WAGER,David Grann,Vintage,The survivors of a shipwrecked British vessel on a secret mission during an imperial war with Spain have different accounts of events.,13,34,,9780307742490
Paperback Nonfiction,ALL ABOUT LOVE,bell hooks,Morrow,The late feminist icon explores the causes of a polarized society and the meaning of love.,14,167,,9780060959470
Paperback Nonfiction,THE ART THIEF,Michael Finkel,Vintage,"The author of “The Stranger in the Woods” tells the story of Stéphane Breitwieser, who stole art more than 200 times for the sake of admiring it.",15,48,,9781984898456
"Advice, How-To & Miscellaneous",THE PIONEER WOMAN COOKS: THE ESSENTIAL RECIPES,Ree Drummond,Morrow,,1,1,,9780063276635
"Advice, How-To & Miscellaneous",THE LET THEM THEORY,Mel Robbins,Hay House,,2,45,,9781401971366
"Advice, How-To & Miscellaneous",READ YOUR MIND,Oz Pearlman,Viking,,3,1,,9798217059041
"Advice, How-To & Miscellaneous","ALWAYS REMEMBER: THE BOY, THE MOLE, THE FOX, THE HORSE AND THE STORM",Charlie Mackesy,Penguin Life,,4,3,,9780593994825
"Advice, How-To & Miscellaneous",THE PROMISE OF HEAVEN,David Jeremiah,Thomas Nelson,,5,3,,9781400345212
"Advice, How-To & Miscellaneous",EVERYTHING'S GOOD,Toni Chapman,Clarkson Potter,,6,1,,9780593800782
"Advice, How-To & Miscellaneous",ATOMIC HABITS,James Clear,Avery,,7,310,,9780735211292
"Advice, How-To & Miscellaneous","THE BOY, THE MOLE, THE FOX AND THE HORSE",Charlie Mackesy,HarperOne,,8,235,,9780062976581
"Advice, How-To & Miscellaneous",SEPARATION OF CHURCH AND HATE,John Fugelsang,Avid Reader,,9,7,,9781668066898
"Advice, How-To & Miscellaneous",PAGAN THREAT,Lucas Miles,Humanix,,10,3,,9781630062927
Children’s Middle Grade Hardcover,THE COURT OF THE DEAD,Rick Riordan and Mark Oshiro,Disney Hyperion,"Nico, Will and Hazel delve into the mysterious disappearances of monsters at Camp Jupiter. (Ages 10 to 14)",1,6,,9781368109116
Children’s Middle Grade Hardcover,THE COMPLETE COOKBOOK FOR YOUNG CHEFS,America's Test Kitchen Kids,Sourcebooks Jabberwocky,Over 100 kid-tested recipes from America's Test Kitchen. (Ages 8 and up),2,262,,9781492670025
Children’s Middle Grade Hardcover,WONDER,R.J. Palacio,Knopf,A boy with a facial deformity starts school. (Ages 8 to 12),3,517,,9780375869020
Children’s Middle Grade Hardcover,THE POISONED KING,Katherine Rundell,Knopf,Christopher and Anya must save the dragons of the Archipelago from a strange new threat. (Ages 10 and up),4,8,,9780593809907
Children’s Middle Grade Hardcover,POCKET BEAR,Katherine Applegate,Feiwel & Friends,Zephyrina brings a rare stuffed bear back to the Second Chances Home for the Tossed and Treasured. (Ages 8 to 12),5,8,,9781250904362
Children’s Middle Grade Hardcover,REFUGEE,Alan Gratz,Scholastic,Three children in three different conflicts look for safe haven. (Ages 9 to 12),6,304,,9780545880831
Children’s Middle Grade Hardcover,TROUBLING TONSILS!,Aaron Reynolds,Simon & Schuster ,Charlie Marmot's infected tonsils have disappeared before surgery! (Ages 6 to 9),7,9,,9781665961080
Children’s Middle Grade Hardcover,WAR GAMES,Alan Gratz,Scholastic,"During the 1936 Olympic Games, a young American gymnast is recruited to rob a Nazi bank. (Ages 4 to 8)",8,4,,9781338736106
Children’s Middle Grade Hardcover,DRAGONBORN,Struan Murray,Dutton,"Alex Evans, once thought to be only human, has the dragon within her awakened. (Ages 8 to 12)",9,2,,9798217113217
Children’s Middle Grade Hardcover,SECRETS OF THE PURPLE PEARL,Kate McKinnon,"Little, Brown",Millicent and the gang are in a race to find the Purple Pearl before the Krenetics Research Association can get their hands on it. (Ages 8 to 12),10,3,,9780316555296
Children’s Picture Books,HOW TO CATCH A MONSTER,Adam Wallace,Sourcebooks Jabberwocky,A boy attempts to catch the monster in his closet. (Ages 4 to 8),1,28,,9781492648949
Children’s Picture Books,HOW TO CATCH A TURKEY,Adam Wallace,Sourcebooks Jabberwocky,Students try to catch a runaway turkey before their Thanksgiving play. (Ages 4 to 8),2,24,,9781492664352
Children’s Picture Books,HOW TO CATCH A WITCH,Alice Walstead,Sourcebooks Wonderland,The Catch Club Kids attempt to snare a witch on Halloween. (Ages 4 to 7),3,29,,9781728210353
Children’s Picture Books,CREEPY PAIR OF UNDERWEAR,Aaron Reynolds,Simon & Schuster,Jasper Rabbit deals with a pair of glowing underwear that won't go away. (Ages 4 to 8),4,45,,9781442402980
Children’s Picture Books,THE LEAF THIEF,Alice Hemming,Sourcebooks Jabberwocky,Squirrel attempts to figure out who has stolen his leaves. (Ages 4 to 8),5,31,,9781728235202
Children’s Picture Books,CREEPY CARROTS!,Aaron Reynolds,Simon & Schuster,A rabbit’s comeuppance. (Ages 4 to 8),6,17,,9781442402973
Children’s Picture Books,BLUEY'S NIGHT BEFORE CHRISTMAS,Lauren Holowaty,Penguin,"Bluey's take on ""A Visit From St. Nicholas."" (Ages 3 to 5)",7,1,,9798217050864
Children’s Picture Books,CHICKA CHICKA TRICKA TREAT,Julien Chung,Beach Lane,The alphabet letters climb the creaky old tree for Halloween. (Ages 4 to 8),8,12,,9781665954785
Children’s Picture Books,THE WONDERFUL THINGS YOU WILL BE,Emily Winfield Martin,Random House,A celebration of future possibilities. (Ages 3 to 7),9,447,,9780385376716
Children’s Picture Books,CREEPY CRAYON!,Aaron Reynolds,Simon & Schuster,"Jasper finds a crayon that helps him in school, or so it seems. (Ages 4 to 8)",10,25,,9781534465886
Children’s & Young Adult Series,DIARY OF A WIMPY KID,Jeff Kinney,Amulet,The travails and challenges of adolescence. (Ages 9 to 12),1,868,,9781419782695
Children’s & Young Adult Series,HARRY POTTER,J.K. Rowling,Scholastic,A wizard hones his conjuring skills in the service of fighting evil. (Ages 10 and up),2,867,,9781546154419
Children’s & Young Adult Series,LIGHTLARK SAGA,Alex Aster,Amulet,Every 100 years the island of Lightlark appears and a deadly competition called the Centennial takes place. (Ages 13 and up),3,22,,9781419784583
Children’s & Young Adult Series,THE HUNGER GAMES,Suzanne Collins,Scholastic,"In a dystopia, a girl fights for survival on live TV. (Ages 12 and up)",4,395,,9781546171461
Children’s & Young Adult Series,THE TWILIGHT SAGA,Stephenie Meyer,"Little, Brown",Vampires and werewolves and their intrigues in high school. (Ages 12 and up),5,285,,9780316586887
Children’s & Young Adult Series,THE WILD ROBOT,Peter Brown,"Little, Brown","Roz the robot adapts to her surroundings on a remote, wild island. (Ages 7 to 12)",6,91,,9780316382007
Children’s & Young Adult Series,THE POWERLESS TRILOGY,Lauren Roberts,Simon & Schuster,"A story of forbidden love between Paedyn, an Ordinary, and Kai, an Elite, in the kingdom of Ilya. (Ages 14 and up)",7,68,,9781665954884
Children’s & Young Adult Series,PERCY JACKSON & THE OLYMPIANS,Rick Riordan,Disney-Hyperion,A boy battles mythological monsters. (Ages 9 to 12),8,800,,9780786838653
Children’s & Young Adult Series,THE BOOK OF DUST,Philip Pullman,Knopf,"In this series set in the world of “His Dark Materials,” Lyra and Malcolm continue the quest to uncover the truth about Dust. (14 and up)",9,2,,9780593306635
Children’s & Young Adult Series,AWESOME FRIENDLY KID,Jeff Kinney,Amulet,Rowley Jefferson chronicles his life story and adventures. (Ages 9 to 12),10,48,,9781419786020
Young Adult Hardcover,HAZELTHORN,C.G. Drews,Feiwel & Friends,The heir to the estate of Hazelthorn suspects that his benefactor was murdered. (Ages 13 to 18),1,1,,9781250412904
Young Adult Hardcover,FAKE SKATING,Lynn Painter,Simon & Schuster,"After years of separation, the childhood friends Alec and Dani reunite and face their true feelings toward each other. (Ages 14 and up)",2,5,,9781665921268
Young Adult Hardcover,HOUR OF THE PUMPKIN QUEEN,Megan Shepherd,Random House/Disney,"After a potion demonstration goes awry, Sally and Luna fall through a portal to Time Town. (Ages 12 and up)",3,17,,9781368089302
Young Adult Hardcover,BITTEN,Jordan Stephanie Gray,"Little, Brown",Vanessa seeks vengeance against the werewolves who attacked her and changed her life forever. (Ages 14 to 18),4,5,,9780316588430
Young Adult Hardcover,NEVER EVER AFTER,Sue Lynn Tan,"Little, Brown",Yining must unravel the truth of her past with the help of a mysterious wooden ring. (Ages 14 to 18),5,1,,9780316576208
Young Adult Hardcover,THORN SEASON,Kiera Azar,Storytide,"In the Kingdom of Daradon, where wielding magic is treason, Alissa Paine must conceal her magical abilities or face persecution. (Ages 14 and up)",6,9,,9780063464773
Young Adult Hardcover,YOU'VE FOUND OLIVER,Dustin Thao,Dutton,"In this companion to “You’ve Reached Sam” Oliver accidentally hits the call button, but someone else picks up. (Ages 12 and up)",7,4,,9780593858479
Young Adult Hardcover,HEKATE: THE WITCH,Nikita Gill,"Little, Brown","To avoid enslavement by the Olympians, Hekate is hidden in the underworld to make a life for herself. (Ages 14 to 18)",8,7,,9780316581820
Young Adult Hardcover,WINGS OF STARLIGHT,Allison Saft,Disney,"Clarion, the successor to the throne of Pixie Hollow, is determined to confront a monster that threatens the land. (Ages 12 to 18)",9,38,,9781368098458
Young Adult Hardcover,HEARTLESS HUNTER,Kristen Ciccarelli,Wednesday,"Rune, a witch, and Gideon, a witch-hunter, fall in love. (Ages 13 to 18)",10,55,,9781250866905
Audio Fiction,CRY HAVOC,Jack Carr,Simon & Schuster Audio,"During a time of war and civil unrest in 1968, the Navy SEAL Tom Reece is given an unofficial and dangerous mission. Read by Ray Porter. 15 hours, 25 minutes unabridged.",1,1,,9781668132944
Audio Fiction,THE INTRUDER,Freida McFadden,Dreamscape Media,"During a rough storm, Casey puts herself in danger when she lets a girl, who is covered in blood, into her cabin. Read by Patricia Santomasso, Tina Wolstencroft and Joe Hempel. 8 hours, 19 minutes unabridged.",2,1,,9798349102691
Audio Fiction,THE SECRET OF SECRETS,Dan Brown,Random House Audio,"As he searches for the missing noetic scientist he has been seeing, Robert Langdon discovers something regarding a secret project. Read by Paul Michael. 22 hours, 51 minutes unabridged.",3,2,,9798217168835
Audio Fiction,GONE BEFORE GOODBYE,Reese Witherspoon and Harlan Coben,Hachette Audio,"When a mysterious man disappears, the former combat surgeon giving him medical assistance goes on the lam. Read by Reese Witherspoon, Chris Pine, Kiff VandenHeuvel et al. 10 hours, 34 minutes unabridged.",4,1,,9781668650684
Audio Fiction,ALCHEMISED,SenLinYu,Random House Audio,"After the war, an imprisoned alchemist is sent to a necromancer to recover her lost memories. Read by Saskia Maarleveld. 36 hours, 15 minutes unabridged.",5,2,,9798217159192
Audio Fiction,THE WIDOW,John Grisham,Random House Audio,"When Simon Latch, a lawyer in rural Virginia, is accused of murder, he goes in search of the real killer. Read by Michael Beck. 14 hours, 24 minutes unabridged.",6,1,,9780593607510
Audio Fiction,PROJECT HAIL MARY,Andy Weir,Audible Studios,"Ryland Grace awakes from a long sleep alone and far from home, and the fate of humanity rests on his shoulders. Read by Ray Porter. 16 hours, 10 minutes unabridged.",7,24,,9781603935470
Audio Fiction,MATE,Ali Hazelwood,Penguin Audio,"To help stave off her enemies, Serena Paris, a Human-Were hybrid, forms a partnership with Koen Alexander. Read by Ellie Gossage and Teddy Hamilton. 14 hours, 30 minutes unabridged.",8,1,,9798217163083
Audio Fiction,THE IMPOSSIBLE FORTUNE,Richard Osman,Penguin Audio,"The fifth book in the Thursday Murder Club series. The gang look into the disappearance of a guest Elizabeth met at a wedding. Read by Fiona Shaw. 10 hours, 29 minutes unabridged.",9,1,,9798217081257
Audio Fiction,REGRETTING YOU,Colleen Hoover,Brilliance Audio,"A tragic accident further strains the relationship between a mother and her teenage daughter; the basis of the movie. Read by Tanya Eby and Lauren Ezzo. 11 hours, 17 minutes unabridged.",10,2,,9781799749356
Audio Fiction,QUICKSILVER,Callie Hart,Podium Audio,"Saeris is transported to a dangerous land of ice and snow, where she must contend with a Fae warrior who has suspect agendas. Read by Stella Bloom and Anthony Palmini. 20 hours, 42 minutes unabridged.",11,8,,9781039491922
Audio Fiction,DUNGEON CRAWLER CARL,Matt Dinniman,Audible Studios,"A Coast Guard vet named Carl and his ex-girlfriend’s cat, Princess Donut, are trapped in a fantasy dungeon. Read by Jeff Hays. 13 hours, 31 minutes unabridged.",12,6,,9783748087328
Audio Fiction,THE PROVING GROUND,Michael Connelly,Hachette Audio,"The eighth book in the Lincoln Lawyer series. Mickey Haller enlists a journalist to help his lawsuit against an A.I. company. Read by Peter Giles. 10 hours, 50 minutes unabridged.",13,1,,9781668639580
Audio Fiction,WE ARE ALL GUILTY HERE,Karin Slaughter,HarperAudio,"Officer Emmy Clifton investigates the disappearance of two teenage girls from a small town called North Falls. Read by Kathleen Early. 16 hours, 33 minutes unabridged.",14,3,,9780063336797
Audio Fiction,MY FRIENDS,Fredrik Backman,Simon & Schuster Audio,"A young woman looks into the story behind a painting that was made 25 years ago and a small group of teens depicted in it; translated by Neil Smith. Read by Marin Ireland. 13 hours, 7 minutes unabridged.",15,6,,9781668131602
Audio Nonfiction,NOBODY'S GIRL,Virginia Roberts Giuffre,Random House Audio,"The late activist and advocate for sex-trafficking survivors describes her time with Jeffrey Epstein and Ghislaine Maxwell. Read by Thérèse Plummer and Gabra Zackman. 13 hours, 40 minutes unabridged.",1,1,,9780593830406
Audio Nonfiction,1929,Andrew Ross Sorkin,Penguin Audio,"The New York Times journalist and CNBC host looks at the fight between Washington and Wall Street that fueled a historic crash of the stock market. Read by the author. 13 hours, 31 minutes unabridged.",2,1,,9780593912089
Audio Nonfiction,107 DAYS,Kamala Harris,Simon & Schuster Audio,"The former vice president recounts her abbreviated campaign to become president in 2024. Read by the author. 9 hours, 58 minutes unabridged.",3,2,,9781668148037
Audio Nonfiction,HOW TO TEST NEGATIVE FOR STUPID,John Kennedy,Broadside,"The Republican senator from Louisiana shares stories about politics in Washington, D.C., and in his home state. Read by the author. 8 hours, 13 minutes unabridged.",4,1,,9780063428195
Audio Nonfiction,UNDER SIEGE,Eric Trump,Simon & Schuster Audio,"The executive vice president of the Trump Organization shares his belief that attacks on his family are attacks on America. Read by the author. 8 hours, 19 minutes unabridged.",5,1,,9781668141977
Audio Nonfiction,POEMS & PRAYERS,Matthew McConaughey,Random House Audio,"The actor and author of “Greenlights” explores elements of belief and reason that make up our lives. Read by the author. 2 hours, 12 minutes unabridged.",6,2,,9798217171514
Audio Nonfiction,AWAKE,Jen Hatmaker,Simon & Schuster Audio,"The host of the ""For the Love"" podcast describes major shifts in her life after her marriage of 26 years ended. Read by the author. 7 hours, 30 minutes unabridged.",7,2,,9781668124758
Audio Nonfiction,THE ANXIOUS GENERATION,Jonathan Haidt,Penguin Audio,"A look at the mental health impacts that a phone-based life has on children. Read by Sean Pratt and the author. 10 hours, 33 minutes unabridged.",8,20,,9780593829097
Audio Nonfiction,THE BOOK OF SHEEN,Charlie Sheen,Simon & Schuster Audio,"The actor, known for his roles in “Platoon” and “Two and a Half Men,” shares stories about his life in Hollywood. Read by the author. 8 hours, 58 minutes unabridged.",9,2,,9781668118047
Audio Nonfiction,OUTLIVE,Peter Attia with Bill Gifford,Random House Audio,"A look at recent scientific research on aging and longevity. Read by Peter Attia. 17 hours, 8 minutes unabridged.",10,23,,9780593664445
Audio Nonfiction,THE BODY KEEPS THE SCORE,Bessel van der Kolk,Penguin Audio,"How trauma affects the body and mind, and innovative treatments for recovery. Read by Sean Pratt. 16 hours, 17 minutes unabridged.",11,60,,9780593412701
Audio Nonfiction,ALL THE WAY TO THE RIVER,Elizabeth Gilbert,Penguin Audio,"The author of “Eat, Pray, Love” depicts her journey through a cycle involving self-destructive tendencies. Read by the author. 10 hours, 10 minutes unabridged.",12,2,,9798217156726
Audio Nonfiction,GREENLIGHTS,Matthew McConaughey,Random House Audio,"The Academy Award-winning actor shares snippets from the diaries he kept over 35 years. Read by the author. 6 hours, 42 minutes unabridged.",13,60,,9780593294185
Audio Nonfiction,BLACK AF HISTORY,Michael Harriot,HarperAudio,"A columnist at TheGrio.com articulates moments in American history that center the perspectives and experiences of Black Americans. Read by the author. 15 hours, 42 minutes unabridged.",14,4,,9780358578406
Audio Nonfiction,LAST RITES,Ozzy Osbourne with Chris Ayres,Hachette Audio,"The late heavy metal icon charts his health difficulties and his return for the Back to the Beginning concert. Read by Ian Danter. 10 hours, 16 minutes unabridged.",15,1,,9781668651193
Business,THE LET THEM THEORY,Mel Robbins,Hay House,,1,11,,9781401971366
Business,1929,Andrew Ross Sorkin,Viking,The New York Times journalist and CNBC host looks at the fight between Washington and Wall Street that fueled a historic crash of the stock market.,2,1,,9780593296967
Business,ATOMIC HABITS,James Clear,Avery,,3,85,,9780735211292
Business,STRONG GROUND,Brené Brown,Random House,,4,2,,9781984855749
Business,THE ART OF SPENDING MONEY,Morgan Housel,Portfolio,,5,1,,9780593716625
Business,HOW TO MAKE MONEY IN ANY MARKET,Jim Cramer,Simon & Schuster,,6,1,,9781668088647
Business,UNREASONABLE HOSPITALITY,Will Guidara,Optimism,,7,17,,9780593418574
Business,READ YOUR MIND,Oz Pearlman,Viking,,8,1,,9798217059041
Business,NEVER SPLIT THE DIFFERENCE,Chris Voss with Tahl Raz,Harper Business,,9,3,,9780062407801
Business,THE NEXT CONVERSATION,Jefferson Fisher,Tarcher,,10,8,,9780593718728
Graphic Books and Manga,WARRIORS: THE PROPHECIES BEGIN #3,Erin Hunter,HarperAlley,A graphic novel adaptation of “A Dangerous Path” and “The Darkest Hour.”,1,1,,9780063203938
Graphic Books and Manga,"JESSI RAMSEY, PET-SITTER",Ann M. Martin,Scholastic,"The 18th book in the Baby-Sitters Club graphic novel series. Snakes, hamsters and other animals need minding.",2,1,,9781338835656
Graphic Books and Manga,BIG JIM BEGINS,Dav Pilkey,Scholastic,The 13th book in the Dog Man series. Big Jim has an adventure that brings up the past.,3,11,,9781338896459
Graphic Books and Manga,"CHAINSAW MAN, VOL. 19",Tatsuki Fujimoto,VIZ Media,"While trying to drown his sorrow in sushi, Denji faces a tragedy.",4,1,,9781974758548
Graphic Books and Manga,"MY HERO ACADEMIA, VOL. 42",Kohei Horikoshi,VIZ Media,The conclusion of the story of a society where most of the population has a superpower called Quirks.,5,1,,9781974759187
Graphic Books and Manga,THE ADVENTURES OF SUPER DIAPER BABY,Dav Pilkey,Scholastic,Super Diaper Baby and Diaper Dog try to make the world safe from Deputy Dangerous.,6,3,,9781338687859
Graphic Books and Manga,THE SCARLET SHEDDER,Dav Pilkey,Scholastic,The 12th book in the Dog Man series. Dog Man finds himself back on his hind legs after being sprayed by a skunk.,7,20,,9781338896435
Graphic Books and Manga,"LORE OLYMPUS, VOL. 9",Rachel Smythe,Inklore,Hades and Persephone must rescue a young god to attain freedom for Olympus.,8,1,,9798217091959
Graphic Books and Manga,"DANDADAN, VOL. 15",Yukinobu Tatsu,VIZ Media,"After an alien invasion is averted, Okarun and others become suspicious of the advisor assigned to their research club.",9,1,,9781974757923
Graphic Books and Manga,WARRIORS: THE PROPHECIES BEGIN,Erin Hunter,HarperAlley,"A graphic novel adaptation of ""Into the Wild"" and ""Fire and Ice.""",10,14,,9780063203877
Graphic Books and Manga,KAREN'S GHOST,Ann M. Martin,Scholastic,The ghost of Old Ben Brewer and his spooky friends are going to have a party in Karen and Kristy’s attic.,11,5,,9781339005102
Graphic Books and Manga,WARRIORS: THE PROPHECIES BEGIN #2,Erin Hunter,HarperAlley,"A graphic novel adaptation of “Forest of Secrets"" and “Rising Storm.”",12,7,,9780063203907
Graphic Books and Manga,INVESTIGATORS: CASE FILES,John Patrick Green and Steve Behling,First Second,The spy alligator duo Mango and Brash work to solve six new mysteries.,13,2,,9781250223227
Graphic Books and Manga,"DEMON SLAYER: KIMETSU NO YAIBA, VOL. 1",Koyoharu Gotouge,VIZ Media,A young charcoal seller must avenge his family by destroying the demon that slaughtered them.,14,22,,9781974700523
Graphic Books and Manga,MRBALLEN PRESENTS: WHERE NIGHTMARES LIVE,MrBallen with Robert Venditti,Ten Speed Graphic,Nine horror stories based on real events.,15,1,,9780593839652
Mass Market,AS GOOD AS DEAD,William W. Johnstone and J.A. Johnstone,Pinnacle,Two western stories: “Strike of the Mountain Man” and “Butchery of the Mountain Man.”,1,1,,9780786051090
Mass Market,THE WAITING,Michael Connelly,"Little, Brown","The sixth book in the Ballard and Bosch series. Bosch’s daughter, Maddie, becomes a new volunteer on the cold case unit.",2,1,,9780316584340
Mass Market,MUST LOVE CHRISTMAS COWBOYS,Diana Palmer and Heather Graham,Zebra,"Two holiday stories: Diana Palmer's ""The Perfect Gift"" and Heather Graham's ""Christmas, Crime, and a Cowboy.""",3,1,,9781420155365
Mass Market,PAINTING THE TOWN RED,William W. Johnstone and J.A. Johnstone,Pinnacle,"The second book in the Dead Broke, Colorado series. Mayor Nugget’s zinc boulder attracts a lot of attention.",4,1,,9780786051526
Mass Market,TRIANGLE,Danielle Steel,Dell,A woman who runs an art gallery in Paris falls for a publisher who is married and reconnects with an old college boyfriend.,5,3,,9780593498576
Mass Market,A CHRISTMAS DUET,Debbie Macomber,Ballantine,A woman on a solo holiday retreat encounters complications with the son of a small town’s main store proprietor.,6,1,,9780593725351
Mass Market,DARK HOPE,Christine Feehan,Berkley,The 38th book in the Carpathian series. Will Benedek and Silke defeat an adversary bent on destruction?,7,1,,9780593819616
Mass Market,WINTER WONDERLAND,Nora Roberts,St. Martin's,Two holiday stories: “Gabriel's Angel” and “A Will and a Way.”,8,1,,9781250395610
Mass Market,THE HONORABLE TEXAN,Diana Palmer,Harlequin,Two western romance stories: “Blake” and “Rey.”,9,1,,9781335994691
Mass Market,VINCE FLYNN: CAPTURE OR KILL,Don Bentley,Pocket,"The 23rd book in the Mitch Rapp series. In 2011, operations take place to prevent a looming war in the Middle East.",10,1,,9781668045848
Mass Market,YOU DON’T WANT TO KNOW,Lisa Jackson,Zebra,"Living in a fog of grief over the disappearance of her toddler son two years earlier, a woman begins to have unsettling visions.",11,1,,9781420157048
Mass Market,HIS AMISH CHRISTMAS SURPRISE,Virginia Wise,Love Inspired,"After a disastrous Rumspringa, Leah finds a baby on her doorstep and she forms a tenuous relationship with a man unsure about his return to the Amish community.",12,1,,9781335621139
Mass Market,TRIAL BY FIRE,Danielle Steel,Dell,The chief executive of a Paris-based perfume business finds her future in jeopardy when she assists after brush fires occur in Napa Valley.,13,2,,9780593498606
Mass Market,TOGETHER FOR FOREVER,Nora Roberts,Silhouette,Two romance stories: “Megan's Mate” and “Irish Rebel.”,14,1,,9781335449054
Mass Market,THE AMISH NANNY'S SECRET,Amy Lillard,Love Inspired,"When Naomi nannies a widower’s five boys, members of the Amish community assume there is an engagement.",15,1,,9781335621146
Middle Grade Paperback,IMPOSSIBLE CREATURES,Katherine Rundell,Yearling,,1,2,,9780593809891
Middle Grade Paperback,THE SHERLOCK SOCIETY,James Ponti,Aladdin,,2,1,,9781665932547
Middle Grade Paperback,A LONG WALK TO WATER,Linda Sue Park,Clarion,,3,73,,9780547577319
Middle Grade Paperback,RESTART,Gordon Korman,Scholastic,,4,59,,9781338053807
Middle Grade Paperback,WISH,Barbara O'Connor,Square Fish,,5,67,,9781250144058
Middle Grade Paperback,THE MILLICENT QUIBB SCHOOL OF ETIQUETTE FOR YOUNG LADIES OF MAD SCIENCE,Kate McKinnon,"Little, Brown",,6,1,,9780316554831
Middle Grade Paperback,THE ICKABOG,J.K. Rowling,Scholastic,,7,2,,9781546157502
Middle Grade Paperback,THE BAD GUYS 2 MOVIE NOVELIZATION,Kate Howard,Scholastic,,8,4,,9781546175520
Middle Grade Paperback,THE SUN AND THE STAR,Rick Riordan and Mark Oshiro,Disney Hyperion,,9,10,,9781368113175
Middle Grade Paperback,THE LAST DRAGON ON MARS,Scott Reintgen,Aladdin,,10,1,,9781665946520
Young Adult Paperback,PUMPKIN SPICE & EVERYTHING NICE,Katie Cicatelli-Kuc,Scholastic,,1,3,,9781339030753
Young Adult Paperback,A HEART FOR CHRISTMAS,Sophie Jomain,Simon & Schuster,,2,1,,9781665990394
Young Adult Paperback,THE THIRTEENTH CHILD,Erin A. Craig,Delacorte,,3,1,,9780593482612
Young Adult Paperback,IF HE HAD BEEN WITH ME,Laura Nowlin,Sourcebooks Fire,,4,35,,9781728205489
Young Adult Paperback,LONG LIVE THE PUMPKIN QUEEN,Shea Ernshaw,Disney,,5,4,,9781368115988
Young Adult Paperback,FALLING LIKE LEAVES,Misty Wilson,Margaret K. McElderry,,6,2,,9781665975193
Young Adult Paperback,NOTHING LIKE THE MOVIES,Lynn Painter,Simon & Schuster,,7,2,,9781665947145
Young Adult Paperback,THAT'S NOT MY NAME,Megan Lally,Sourcebooks Fire,,8,4,,9781728270111
Young Adult Paperback,SIX OF CROWS,Leigh Bardugo,Square Fish,,9,34,,9781250409010
Young Adult Paperback,IF ONLY I HAD TOLD HER,Laura Nowlin,Sourcebooks Fire,,10,21,,9781728276229
